{"name":"t:sections.header.name","type":"header","sections":{"announcement-bar":{"type":"announcement-bar","blocks":{"announcement-bar-0":{"type":"announcement","settings":{"text":"Welcome to our store","link":""}},"e6b141c4-fadb-46dc-9cac-0a0e9e9a9fff":{"type":"announcement","settings":{"text":"20% Off for New Users","link":""}}},"block_order":["announcement-bar-0","e6b141c4-fadb-46dc-9cac-0a0e9e9a9fff"],"settings":{"color_scheme":"inverse","show_line_separator":true,"show_social":false,"auto_rotate":true,"change_slides_speed":3,"enable_country_selector":false,"enable_language_selector":false}},"header":{"type":"header","custom_css":[],"settings":{"logo_position":"middle-left","menu":"main-menu","menu_type_desktop":"mega","sticky_header_type":"on-scroll-up","show_line_separator":true,"color_scheme":"scheme-a99a2941-4bfb-4303-ba8b-f9815a3f97a4","menu_color_scheme":"scheme-a99a2941-4bfb-4303-ba8b-f9815a3f97a4","enable_country_selector":true,"enable_language_selector":true,"mobile_logo_position":"center","margin_bottom":0,"padding_top":20,"padding_bottom":20}}},"order":["announcement-bar","header"]}