{"sections":{"slideshow":{"type":"slideshow","blocks":{"slide-0":{"type":"slide","settings":{"image":"shopify:\/\/shop_images\/Untitled_design_2.png","heading":"","heading_size":"h0","subheading":"","button_label":"buy now","link":"shopify:\/\/collections\/indi-prod","button_style_secondary":false,"box_align":"middle-center","show_text_box":false,"text_alignment":"center","image_overlay_opacity":0,"color_scheme":"scheme-a99a2941-4bfb-4303-ba8b-f9815a3f97a4","text_alignment_mobile":"center"}},"2270cee3-292b-4957-884a-9b18b83aad5a":{"type":"slide","settings":{"image":"shopify:\/\/shop_images\/Untitleddesign_5.png","heading":"","heading_size":"h1","subheading":"","button_label":"","link":"shopify:\/\/products\/creamy-sauce-pasta","button_style_secondary":false,"box_align":"bottom-right","show_text_box":false,"text_alignment":"center","image_overlay_opacity":0,"color_scheme":"background-1","text_alignment_mobile":"center"}},"3db62e8b-1f33-47a1-9393-b5b47d4d15ff":{"type":"slide","disabled":true,"settings":{"heading":"","heading_size":"h1","subheading":"","button_label":"","link":"","button_style_secondary":false,"box_align":"middle-center","show_text_box":false,"text_alignment":"center","image_overlay_opacity":0,"color_scheme":"background-1","text_alignment_mobile":"center"}},"5cfbc3a3-8647-4fae-8dc6-1da7ebeaba7d":{"type":"slide","disabled":true,"settings":{"heading":"","heading_size":"h1","subheading":"","button_label":"","link":"","button_style_secondary":false,"box_align":"middle-center","show_text_box":false,"text_alignment":"center","image_overlay_opacity":0,"color_scheme":"background-1","text_alignment_mobile":"center"}},"ba956a14-fbdf-4c38-8695-93c590160a73":{"type":"slide","disabled":true,"settings":{"heading":"","heading_size":"h1","subheading":"","button_label":"","link":"","button_style_secondary":false,"box_align":"middle-center","show_text_box":false,"text_alignment":"center","image_overlay_opacity":0,"color_scheme":"background-1","text_alignment_mobile":"center"}},"8340b71c-bc75-403a-91b7-e54a0b7dfa10":{"type":"slide","disabled":true,"settings":{"heading":"","heading_size":"h1","subheading":"","button_label":"","link":"","button_style_secondary":false,"box_align":"middle-center","show_text_box":false,"text_alignment":"center","image_overlay_opacity":0,"color_scheme":"background-1","text_alignment_mobile":"center"}}},"block_order":["slide-0","2270cee3-292b-4957-884a-9b18b83aad5a","3db62e8b-1f33-47a1-9393-b5b47d4d15ff","5cfbc3a3-8647-4fae-8dc6-1da7ebeaba7d","ba956a14-fbdf-4c38-8695-93c590160a73","8340b71c-bc75-403a-91b7-e54a0b7dfa10"],"custom_css":[".slideshow__controls {display: none;}",".banner__buttons a {position: absolute; width: 100%; height: 100%; left: 0; top: 0; background: transparent; z-index: 2; opacity: 0 !important;}",".slideshow__text.banner__box {position: absolute; height: 100%; width: 100%; max-width: 100%; left: 0; top: 0;}",".banner__buttons a:before,.banner__buttons a:after,.banner__buttons:before,.banner__buttons:after {display: none !important;}"],"settings":{"layout":"full_bleed","slide_height":"medium","slider_visual":"counter","auto_rotate":true,"change_slides_speed":5,"image_behavior":"none","show_text_below":true,"accessibility_info":"Slideshow about our brand"}},"6c77245a-8136-471d-a9e9-6bd53238c1e4":{"type":"image-with-text","blocks":{"template--20493837893922__6c77245a-8136-471d-a9e9-6bd53238c1e4-heading-1":{"type":"heading","settings":{"heading":"The making of HOT","heading_size":"h1"}},"template--20493837893922__6c77245a-8136-471d-a9e9-6bd53238c1e4-text-1":{"type":"text","settings":{"text":"<p>Indulge in the authentic flavors of our meticulously crafted dishes at Home of Temptation. Our skilled chefs bring their expertise to every plate, ensuring a culinary experience that tantalizes your taste buds and captures the essence of each dish.<\/p>","text_style":"body"}}},"block_order":["template--20493837893922__6c77245a-8136-471d-a9e9-6bd53238c1e4-heading-1","template--20493837893922__6c77245a-8136-471d-a9e9-6bd53238c1e4-text-1"],"settings":{"image":"shopify:\/\/shop_images\/cook-chef-with-big-explosion-kitchen_207634-3621.png","height":"adapt","desktop_image_width":"medium","layout":"image_first","desktop_content_position":"top","desktop_content_alignment":"left","content_layout":"no-overlap","color_scheme":"scheme-a99a2941-4bfb-4303-ba8b-f9815a3f97a4","image_behavior":"none","mobile_content_alignment":"left","padding_top":36,"padding_bottom":36}},"featured_collection":{"type":"featured-collection","custom_css":[".title-wrapper--no-top-margin {text-align: center;}"],"settings":{"title":"HOT Offers","heading_size":"h1","description":"","show_description":false,"description_style":"body","collection":"all","products_to_show":3,"columns_desktop":3,"full_width":false,"show_view_all":true,"view_all_style":"solid","enable_desktop_slider":false,"color_scheme":"scheme-a99a2941-4bfb-4303-ba8b-f9815a3f97a4","image_ratio":"square","image_shape":"default","show_secondary_image":false,"show_vendor":false,"show_rating":false,"enable_quick_add":false,"columns_mobile":"2","swipe_on_mobile":true,"padding_top":16,"padding_bottom":64}},"169281424068b4b680":{"type":"apps","blocks":{"e0119fed-edf2-4bf6-9562-c1f5c36399ff":{"type":"shopify:\/\/apps\/judge-me-product-reviews\/blocks\/featured_carousel\/61ccd3b1-a9f2-4160-9fe9-4fec8413e5d8","settings":{"maxwidth":1080}}},"block_order":["e0119fed-edf2-4bf6-9562-c1f5c36399ff"],"settings":{"include_margins":true}}},"order":["slideshow","6c77245a-8136-471d-a9e9-6bd53238c1e4","featured_collection","169281424068b4b680"]}