{"sections":{"main":{"type":"main-product","blocks":{"vendor":{"type":"text","settings":{"text":"{{ product.vendor }}","text_style":"uppercase"}},"title":{"type":"title","settings":{}},"price":{"type":"price","settings":{}},"variant_picker":{"type":"variant_picker","settings":{"picker_type":"button"}},"quantity_selector":{"type":"quantity_selector","settings":{}},"buy_buttons":{"type":"buy_buttons","settings":{"show_dynamic_checkout":true,"show_gift_card_recipient":true}},"description":{"type":"description","settings":{}}},"block_order":["vendor","title","price","variant_picker","quantity_selector","buy_buttons","description"],"custom_css":[],"settings":{"enable_sticky_info":true,"media_size":"small","constrain_to_viewport":true,"media_fit":"contain","gallery_layout":"thumbnail_slider","media_position":"left","image_zoom":"lightbox","mobile_thumbnails":"hide","hide_variants":false,"enable_video_looping":true,"padding_top":40,"padding_bottom":16}},"related-products":{"type":"related-products","settings":{"heading":"Suggested Products","heading_size":"h2","products_to_show":4,"columns_desktop":4,"color_scheme":"scheme-a99a2941-4bfb-4303-ba8b-f9815a3f97a4","image_ratio":"adapt","image_shape":"default","show_secondary_image":false,"show_vendor":false,"show_rating":false,"columns_mobile":"2","padding_top":32,"padding_bottom":32}},"16926079768fad08a1":{"type":"apps","blocks":{"875457d2-61e7-4547-8964-eb54d835f89f":{"type":"shopify:\/\/apps\/judge-me-product-reviews\/blocks\/review_widget\/61ccd3b1-a9f2-4160-9fe9-4fec8413e5d8","settings":{}}},"block_order":["875457d2-61e7-4547-8964-eb54d835f89f"],"settings":{"include_margins":true}}},"order":["main","related-products","16926079768fad08a1"]}